invoiceDate,invoiceNumber,purchaseDealer,receivedDate,manufactureDate,model,grade,fuelType,suffix,exteriorColor,interiorColor,chassisNumber,engineNumber,keyNumber,location,tkmInvoiceValue,age,interest,status,make
28/08/24,1124012331,Anant Gwalior,03/09/24,2024,FORTUNER LEGENDER,4X2 AT,DIESEL,L6,WHITEPEARL & A.BLACK,BLACK & MAROON,MBJAA3GS000618471~0824,1GD A823583,87835,Gwalior,4135885.11,265,390359.5672,BOOKED,Toyota
12/09/24,1124014248,Anant Gwalior,18/09/24,2024,FORTUNER LEGENDER,4X2 AT,DIESEL,L6,WHITEPEARL & A.BLACK,BLACK & MAROON,MBJAA3GS400620367~0824,1GD A831316,89578,Gwalior,4135885.11,250,368263.7427,BOOKED,Toyota
13/09/24,1124014342,Anant Gwalior,19/09/24,2024,FORTUNER LEGENDER,4X2 AT,DIESEL,L6,WHITEPEARL & A.BLACK,BLACK & MAROON,MBJAA3GS400620434~0824,1GD A831139,89587,Gwalior,4135885.11,249,366790.6877,FREE,Toyota
17/09/24,1124014647,Anant Gwalior,,2024,FORTUNER MC,4X2 AT,DIESEL,CH,SUPER WHITE,CHAMOIS,MBJAA3GS500621222~0924,1GD A833899,81101,Gwalior,3619497.59,245,315838.3513,BOOKED,Toyota
30/08/24,1124012725,Anant Gwalior,05/09/24,2024,FORTUNER MC,4X2 MT,DIESEL,BG,SUPER WHITE,BLACK,MBJAA3GS500619082~0824,1GD A826611,89076,Gwalior,3403467.59,263,318807.0052,BOOKED,Toyota
05/09/24,1124013477,Anant Gwalior,12/09/24,2024,FORTUNER MC,4X2 MT,DIESEL,BG,SUPER WHITE,BLACK,MBJAA3GS400619638~0824,1GD A826665,81484,Gwalior,3403467.59,257,311533.8416,BOOKED,Toyota
09/09/24,1124013751,Anant Gwalior,16/09/24,2024,FORTUNER MC,4X2 MT,DIESEL,BG,SUPER WHITE,BLACK,MBJAA3GS200620108~0824,1GD A829876,81242,Gwalior,3403467.59,253,306685.0658,FREE,Toyota
12/09/24,1124014249,Anant Gwalior,18/09/24,2024,FORTUNER MC,4X2 MT,DIESEL,BG,SUPER WHITE,BLACK,MBJAA3GS900620204~0824,1GD A830372,81245,Gwalior,3403467.59,250,303048.484,FREE,Toyota
13/09/24,1124014343,Anant Gwalior,19/09/24,2024,FORTUNER MC,4X2 MT,DIESEL,BG,SUPER WHITE,BLACK,MBJAA3GSX00620194~0824,1GD A830232,80305,Gwalior,3403467.59,249,301836.2901,FREE,Toyota
18/09/24,1124014747,Anant Gwalior,,2024,FORTUNER MC,4X2 MT,DIESEL,BG,SUPER WHITE,BLACK,MBJAA3GS900620431~0824,1GD A830920,89604,Gwalior,3403467.59,244,295775.3204,FREE,Toyota
24/08/24,1124011760,Anant Gwalior,29/08/24,2024,FORTUNER MC,4X2 MT,DIESEL,BG,PLATINUM WHITE PEARL,BLACK,MBJAA3GS300618786~0824,1GD A825134,87933,Gwalior,3417680.09,269,327441.8431,FREE,Toyota
18/09/24,1124014746,Anant Gwalior,,2024,FORTUNER MC,4X2 MT,DIESEL,BG,PLATINUM WHITE PEARL,BLACK,MBJAA3GS400620787~0924,1GD A831932,80673,Gwalior,3417680.09,244,297010.4451,BOOKED,Toyota
04/09/24,1124013423,Anant Gwalior,10/09/24,2024,FORTUNER MC,4X2 MT,DIESEL,BG,ATTITUDE BLACK,BLACK,MBJAA3GS800619593~0824,1GD A828283,81463,Gwalior,3403467.59,258,312746.0355,BOOKED,Toyota
13/09/24,1124014343,Anant Gwalior,19/09/24,2024,FORTUNER MC,4X4 AT,DIESEL,CF,SUPER WHITE,CHAMOIS,MBJBA3FS000855399~0924,1GD A833051,81834,Gwalior,4008920.1,249,355530.8045,FREE,Toyota
04/09/24,5124006955,Anant Gwalior,09/09/24,2024,GLANZA,G MT CNG,CNG,7G,CAFE WHITE,2 TONE BLACK & BEIGE,MBHJWC13SRH834247,K12NP 4535555,51260,Gwalior,911098.12,258,83721.18067,BOOKED,Toyota
05/09/24,5124006984,Anant Gwalior,09/09/24,2024,GLANZA,G MT CNG,CNG,7G,CAFE WHITE,2 TONE BLACK & BEIGE,MBHJWC13SRH834142,K12NP 4536393,51274,Gwalior,911098.12,257,83396.67997,FREE,Toyota
05/09/24,5124006984,Anant Gwalior,09/09/24,2024,GLANZA,G MT CNG,CNG,7G,CAFE WHITE,2 TONE BLACK & BEIGE,MBHJWC13SRJ837183,K12NP 4538610,50633,Gwalior,911098.12,257,83396.67997,BOOKED,Toyota
05/09/24,5124006984,Anant Gwalior,09/09/24,2024,GLANZA,G MT CNG,CNG,7G,CAFE WHITE,2 TONE BLACK & BEIGE,MBHJWC13SRH835091,K12NP 4538578,50655,Gwalior,911098.12,257,83396.67997,FREE,Toyota
25/07/24,5124005006,Anant Gwalior,28/07/24,2024,GLANZA,S MT CNG,CNG,9G,CAFE WHITE,2 TONE BLACK & BEIGE,MBHJWC13SRG808606,K12NP 4514975,5424,Gwalior,814077.27,299,86693.65338,FREE,Toyota
03/09/24,5124006901,Anant Gwalior,07/09/24,2024,GLANZA,E MT,PETROL,GR,SPORTIN RED,2 TONE BLACK & BEIGE,MBHJWC13SRH831716,K12NP 4533680,6059,Gwalior,659490.51,259,60835.74102,FREE,Toyota
25/07/24,5124005006,Anant Gwalior,28/07/24,2024,GLANZA,E MT,PETROL,GR,GAMING GREY,2 TONE BLACK & BEIGE,MBHJWC13SRG809345,K12NP 4515568,5289,Gwalior,659490.51,299,70231.22226,BOOKED,Toyota
09/08/24,5124005821,Anant Gwalior,13/08/24,2024,GLANZA,E MT,PETROL,GR,ENTICING SILVER,2 TONE BLACK & BEIGE,MBHJWC13SRG817533,K12NP 7550179,5337,Gwalior,659490.51,284,66707.91679,FREE,Toyota
03/09/24,5124006903,Anant Gwalior,07/09/24,2024,GLANZA,E MT,PETROL,GR,ENTICING SILVER,2 TONE BLACK & BEIGE,MBHJWC13SRH832468,K12NP 4534391,5991,Gwalior,659490.51,259,60835.74102,FREE,Toyota
10/08/24,5124005866,Anant Gwalior,13/08/24,2024,GLANZA,E MT,PETROL,GR,CAFE WHITE,2 TONE BLACK & BEIGE,MBHJWC13SRH821874,K12NP 4525512,5462,Gwalior,659490.51,283,66473.02976,FREE,Toyota
10/08/24,5124005866,Anant Gwalior,13/08/24,2024,GLANZA,E MT,PETROL,GR,CAFE WHITE,2 TONE BLACK & BEIGE,MBHJWC13SRH821490,K12NP 4525176,5418,Gwalior,659490.51,283,66473.02976,FREE,Toyota
03/09/24,5124006901,Anant Gwalior,07/09/24,2024,GLANZA,E MT,PETROL,GR,CAFE WHITE,2 TONE BLACK & BEIGE,MBHJWC13SRH832503,K12NP 4534339,5026,Gwalior,659490.51,259,60835.74102,FREE,Toyota
03/09/24,5124006903,Anant Gwalior,07/09/24,2024,GLANZA,E MT,PETROL,GR,CAFE WHITE,2 TONE BLACK & BEIGE,MBHJWC13SRH835173,K12NP 4536920,5009,Gwalior,659490.51,259,60835.74102,FREE,Toyota
03/09/24,5124006903,Anant Gwalior,07/09/24,2024,GLANZA,E MT,PETROL,GR,CAFE WHITE,2 TONE BLACK & BEIGE,MBHJWC13SRH832520,K12NP 7559112,5023,Gwalior,659490.51,259,60835.74102,FREE,Toyota
04/09/24,5124006952,Anant Gwalior,09/09/24,2024,GLANZA,E MT,PETROL,GR,CAFE WHITE,2 TONE BLACK & BEIGE,MBHJWC13SRH835300,K12NP 4537019,5740,Gwalior,659490.51,258,60600.85399,FREE,Toyota
05/06/24,5124002789,Anant Gwalior,08/06/24,2024,GLANZA,G MT,PETROL,GO,GAMING GREY,2 TONE BLACK & BEIGE,MBHJWC13SRE774502,K12NP 4486100,51018,Gwalior,826322.62,349,102713.0336,FREE,Toyota
05/09/24,5124006986,Anant Gwalior,09/09/24,2024,GLANZA,G MT,PETROL,GO,GAMING GREY,2 TONE BLACK & BEIGE,MBHJWC13SRJ837232,K12NP 4538632,50228,Gwalior,826322.62,257,75636.81845,FREE,Toyota
27/05/24,5124002142,Anant Gwalior,30/05/24,2024,GLANZA,G MT,PETROL,GO,ENTICING SILVER,2 TONE BLACK & BEIGE,MBHJWC13SRE768723,K12NP 4481263,51198,Gwalior,826322.62,358,105361.7938,FREE,Toyota
09/08/24,5124005821,Anant Gwalior,13/08/24,2024,GLANZA,G MT,PETROL,GO,CAFE WHITE,2 TONE BLACK & BEIGE,MBHJWC13SRG815012,K12NP 4519952,50635,Gwalior,826322.62,284,83583.09899,FREE,Toyota
23/08/24,5124006477,Anant Gwalior,26/08/24,2024,GLANZA,G MT,PETROL,GO,CAFE WHITE,2 TONE BLACK & BEIGE,MBHJWC13SRH818412,K12NP 4522680,51244,Gwalior,826322.62,270,79462.80538,FREE,Toyota
23/08/24,5124006485,Anant Gwalior,26/08/24,2024,GLANZA,S AMT,PETROL,GP,CAFE WHITE,2 TONE BLACK & BEIGE,MBHJWC13SRH830305,K12NP 4532565,5956,Gwalior,776399.26,270,74661.95624,BOOKED,Toyota
06/04/24,5124000226,Anant Gwalior,12/04/24,2024,GLANZA,S MT,PETROL,GQ,GAMING GREY,2 TONE BLACK & BEIGE,MBHJWC13SRD731148,K12NP 4449374,5109,Morena,729301.77,409,106238.288,FREE,Toyota
27/05/24,5124002141,Anant Gwalior,31/05/24,2024,GLANZA,S MT,PETROL,GQ,GAMING GREY,2 TONE BLACK & BEIGE,MBHJWC13SRE765184,K12NP 4478144,5200,Gwalior,729301.77,358,92990.97089,FREE,Toyota
05/09/24,5124006984,Anant Gwalior,09/09/24,2024,GLANZA,S MT,PETROL,GQ,CAFE WHITE,2 TONE BLACK & BEIGE,MBHJWC13SRJ836894,K12NP 4538356,5188,Gwalior,729301.77,257,66756.08804,FREE,Toyota
13/02/24,5123010387,Anant Gwalior,17/02/24,2024,GLANZA,V MT,PETROL,GM,CAFE WHITE,2 TONE BLACK & BEIGE,MBHJWC13SRB687523,K12NP 1602135,50753,AshokNagar,920517.62,462,151469.2829,FREE,Toyota
17/02/24,5123010564,Anant Gwalior,19/02/24,2024,GLANZA,V MT,PETROL,GM,CAFE WHITE,2 TONE BLACK & BEIGE,MBHJWC13SRB690456,K12NP 4426043,51275,Guna,920517.62,458,150157.8605,FREE,Toyota
05/09/24,5124006986,Anant Gwalior,09/09/24,2024,GLANZA,V MT,PETROL,GM,CAFE WHITE,2 TONE BLACK & BEIGE,MBHJWC13SRH825898,K12NP 4528869,50797,Gwalior,920517.62,257,84258.88681,FREE,Toyota
28/08/24,1124012331,Anant Gwalior,03/09/24,2024,HILUX,HIGH AT,DIESEL,X0,PLATINUM WHITE PEARL,BLACK,MBJBA3CD506359291~0524,1GD A806965,86496,Gwalior,3684100.09,265,347718.4879,BOOKED,Toyota
04/09/24,1124013424,Anant Gwalior,09/09/24,2024,INNOVA CRYSTA,GX+MT-8S,DIESEL,IE,SUPER WHITE,BLACK,MBJJB8EM701670785~0824,2GD A831746,41591,Gwalior,2030540.04,258,186587.1587,FREE,Toyota
28/08/24,8824009813,Mayank Jodhpur,30/08/24,2024,INNOVA CRYSTA,GX-MT-7S,DIESEL,IH,SILVER METALLIC,BLACK,MBJJB8EM301665714~0624,2GD A812263,40206,Gwalior,1920139.05,265,181229.5624,BOOKED,Toyota
22/07/24,1124008197,Anant Gwalior,28/07/24,2024,INNOVA CRYSTA,GX-MT-8S,DIESEL,IG,SUPER WHITE,BLACK,MBJJB8EM601667876~0724,2GD A821103,44977,Gwalior,1920139.05,302,206533.3126,BOOKED,Toyota
23/07/24,1124008314,Anant Gwalior,28/07/24,2024,INNOVA CRYSTA,GX-MT-8S,DIESEL,IG,SUPER WHITE,BLACK,MBJJB8EM101667932~0724,2GD A821290,47152,Gwalior,1920139.05,301,205849.4275,BOOKED,Toyota
23/07/24,1124008314,Anant Gwalior,28/07/24,2024,INNOVA CRYSTA,GX-MT-8S,DIESEL,IG,SUPER WHITE,BLACK,MBJJB8EM001667923~0724,2GD A821040,46516,Gwalior,1920139.05,301,205849.4275,BOOKED,Toyota
16/08/24,1124010662,Anant Gwalior,22/08/24,2024,INNOVA CRYSTA,GX-MT-8S,DIESEL,IG,SUPER WHITE,BLACK,MBJJB8EM801669063~0824,2GD A825342,49277,Gwalior,1920139.05,277,189436.1841,BOOKED,Toyota
16/08/24,1124010677,Anant Gwalior,22/08/24,2024,INNOVA CRYSTA,GX-MT-8S,DIESEL,IG,SUPER WHITE,BLACK,MBJJB8EM701669068~0824,2GD A825331,49331,Gwalior,1920139.05,277,189436.1841,BOOKED,Toyota
04/09/24,1124013424,Anant Gwalior,09/09/24,2024,INNOVA CRYSTA,GX-MT-8S,DIESEL,IG,SUPER WHITE,BLACK,MBJJB8EM201670712~0824,2GD A831369,45169,Gwalior,1920139.05,258,176442.3664,BOOKED,Toyota
05/09/24,1124013477,Anant Gwalior,12/09/24,2024,INNOVA CRYSTA,GX-MT-8S,DIESEL,IG,SUPER WHITE,BLACK,MBJJB8EM701670799~0824,2GD A831556,42833,Gwalior,1920139.05,257,175758.4813,BOOKED,Toyota
17/09/24,1124014647,Anant Gwalior,,2024,INNOVA CRYSTA,GX-MT-8S,DIESEL,IG,SILVER METALLIC,BLACK,MBJJB8EM101671706~0924,2GD A834913,44480,Gwalior,1920139.05,245,167551.8596,BOOKED,Toyota
05/07/24,1124006858,Anant Gwalior,11/07/24,2024,INNOVA CRYSTA,GX-MT-8S,DIESEL,IG,PLATINUM WHITE PEARL,BLACK,MBJJB8EM801666762~0724,2GD A817020,43756,Gwalior,1929268.53,319,219196.619,BOOKED,Toyota
22/06/24,1124005692,Anant Gwalior,27/06/24,2024,INNOVA CRYSTA,VX-MT-8S,DIESEL,IC,ATTITUDE BLACK,BLACK,MBJAB3EMX04552005~0624,2GD A812808,89884,Gwalior,2362165.05,332,279317.9276,FREE,Toyota
02/08/24,1124009528,Anant Gwalior,08/08/24,2024,INNOVA CRYSTA,VX-MT-8S,DIESEL,IC,ATTITUDE BLACK,BLACK,MBJAB3EM804555128~0724,2GD A822362,83027,Gwalior,2362165.05,291,244823.8461,FREE,Toyota
07/06/24,1124004620,Anant Gwalior,12/06/24,2024,INNOVA CRYSTA,ZX-MT-7S,DIESEL,IA,SUPER WHITE,BLACK,MBJAB3EM604550364~0624,2GD A808586,87322,Gwalior,2514712.56,347,310790.9139,FREE,Toyota
17/09/24,1124014647,Anant Gwalior,,2024,INNOVA CRYSTA,ZX-MT-7S,DIESEL,IB,PLATINUM WHITE PEARL,CAMEL TAN,MBJAB3EM204558753~0924,2GD A833087,83913,Gwalior,2523713.8,245,220219.9576,FREE,Toyota
08/05/24,1124002356,Anant Gwalior,15/05/24,2024,INNOVA CRYSTA,ZX-MT-7S,DIESEL,IB,ATTITUDE BLACK,CAMEL TAN,MBJAB3EM102597779~0524,2GD A801814,82272,Gwalior,2514712.56,377,337660.4454,FREE,Toyota
25/07/24,1124008585,Anant Gwalior,30/07/24,2024,INNOVA CRYSTA,ZX-MT-7S,DIESEL,IB,ATTITUDE BLACK,CAMEL TAN,MBJAB3EMX04554823~0724,2GD A820876,82978,Gwalior,2514712.56,299,267799.6636,FREE,Toyota
18/09/24,1124014747,Anant Gwalior,,2024,INNOVA HYCROSS,VX 7S,HYBRID,HO,SUPER WHITE,2 TONE ASH BROWN,MBJABBAA401467135~0924,M20A NC98447,87088,Gwalior,2466233.66,244,214325.8403,FREE,Toyota
18/07/24,1124005249,Anant Indore,18/07/24,2024,INNOVA HYCROSS,VX 7S,HYBRID,HO,SPARKLING BLACK PEARL CS,2 TONE ASH BROWN,MBJABBAA201454321~0624,M20A NC50722,85257,Gwalior,2466233.66,306,268785.6849,FREE,Toyota
23/08/24,1124011616,Anant Gwalior,29/08/24,2024,INNOVA HYCROSS,VX 7S,HYBRID,HO,ATTITUDE BLACK,2 TONE ASH BROWN,MBJABBAA301463268~0824,M20A NC86777,85298,Gwalior,2466233.66,270,237163.8396,FREE,Toyota
05/09/24,1124013477,Anant Gwalior,12/09/24,2024,INNOVA HYCROSS,VX 7S (O),HYBRID,HM,BLACKISH AGEHA GF,2 TONE ASH BROWN,MBJABBAA901465560~0924,M20A NC93892,81902,Gwalior,2653373.8,257,242874.5717,FREE,Toyota
10/08/24,1124010154,Anant Gwalior,17/08/24,2024,INNOVA HYCROSS,VX 8S,HYBRID,HP,SUPER WHITE,2 TONE ASH BROWN,MBJABBAA201461687~0824,M20A NC81281,80600,Gwalior,2470983.4,283,249061.5871,BOOKED,Toyota
12/09/24,1124014249,Anant Gwalior,18/09/24,2024,INNOVA HYCROSS,ZX (O),HYBRID,HA,SUPER WHITE,BROWN,MBJABBAA601466505~0924,M20A NC98119,85986,Gwalior,2942158.61,250,261973.0269,BOOKED,Toyota
13/09/24,1124014343,Anant Gwalior,19/09/24,2024,INNOVA HYCROSS,GX 7S,PETROL,HS,SUPER WHITE,BLACK,MBJAABAA001411342~0924,M20A NC98302,85054,Gwalior,1873777.45,249,166175.8248,FREE,Toyota
17/09/24,1124014647,Anant Gwalior,,2024,INNOVA HYCROSS,GX 7S,PETROL,HS,SUPER WHITE,BLACK,MBJAABAA401411344~0924,M20A NC98299,85102,Gwalior,1873777.45,245,163506.3337,FREE,Toyota
17/09/24,1124014647,Anant Gwalior,,2024,INNOVA HYCROSS,GX 8S,PETROL,HT,SUPER WHITE,BLACK,MBJAABAA901411422~0924,M20A NC99029,82567,Gwalior,1878518.44,245,163920.0337,FREE,Toyota
31/07/24,1124009180,Anant Gwalior,05/08/24,2024,INNOVA HYCROSS,GX 8S,PETROL,HT,BLACKISH AGEHA GF,BLACK,MBJAABAA201410094~0724,M20A NC75329,88286,Gwalior,1878518.44,293,196034.9791,BOOKED,Toyota
13/09/24,1124014342,Anant Gwalior,19/09/24,2024,INNOVA HYCROSS,GX 8S,PETROL,HT,BLACKISH AGEHA GF,BLACK,MBJAABAA101411012~0924,M20A NC91649,82777,Gwalior,1878518.44,249,166596.2792,FREE,Toyota
13/09/24,1124014342,Anant Gwalior,19/09/24,2024,INNOVA HYCROSS,GX(O) 8S,PETROL,HX,BLACKISH AGEHA GF,2 TONE ASH BROWN,MBJAABAA701411063~0924,M20A NC92275,88698,Gwalior,1989457.84,249,176434.9323,FREE,Toyota
08/05/24,2399002022,Anant Gwalior,10/05/24,2024,RUMION,G AT NEO DRIVE,PETROL,RF,CAFE WHITE,BEIGE,MA3DND72SRD790626,K15CN 9493060,4302,Gwalior,1233227.54,377,165590.3609,FREE,Toyota
06/06/24,2399002385,Anant Gwalior,10/06/24,2024,RUMION,G MT NEO DRIVE,PETROL,RC,CAFE WHITE,BEIGE,MA3DND72SRF820579,K15CN 7458780,4818,Morena,1100332.53,348,136380.9415,FREE,Toyota
05/07/24,2399002674,Anant Gwalior,08/07/24,2024,RUMION,G MT NEO DRIVE,PETROL,RC,CAFE WHITE,BEIGE,MA3DND72SRF833505,K15CN 7477304,236,Gwalior,1100332.53,319,125015.8631,FREE,Toyota
05/07/24,2399002674,Anant Gwalior,08/07/24,2024,RUMION,G MT NEO DRIVE,PETROL,RC,CAFE WHITE,BEIGE,MA3DND72SRG835835,K15CN 7480495,302,Gwalior,1100332.53,319,125015.8631,FREE,Toyota
28/08/24,2399003280,Anant Gwalior,30/08/24,2024,RUMION,G MT NEO DRIVE,PETROL,RK,CAFE WHITE,BEIGE,MA3DND72SRH859818,K15CN 7510875,4789,Gwalior,1100332.53,265,103853.3032,FREE,Toyota
05/09/24,2399003390,Anant Gwalior,07/09/24,2024,RUMION,G MT NEO DRIVE,PETROL,RK,CAFE WHITE,BEIGE,MA3DND72SRH874920,K15CN 7529663,70,Gwalior,1100332.53,257,100718.1091,FREE,Toyota
27/05/24,2399002254,Anant Gwalior,30/05/24,2024,RUMION,S MT NEO DRIVE,PETROL,RE,ICONIC GREY,BEIGE,MA3DND72SRE813020,K15CN 7448813,3141,Gwalior,990219.53,358,126259.7724,FREE,Toyota
27/05/24,2399002254,Anant Gwalior,30/05/24,2024,RUMION,S MT NEO DRIVE,PETROL,RE,ICONIC GREY,BEIGE,MA3DND72SRE800132,K15CN 7432276,3870,Gwalior,990219.53,358,126259.7724,FREE,Toyota
08/05/24,2399002022,Anant Gwalior,10/05/24,2024,RUMION,S MT NEO DRIVE,PETROL,RE,CAFE WHITE,BEIGE,MA3DND72SRE800972,K15CN 7433276,2534,Guna,990219.53,377,132960.71,FREE,Toyota
27/05/24,2399002254,Anant Gwalior,30/05/24,2024,RUMION,S MT NEO DRIVE,PETROL,RE,CAFE WHITE,BEIGE,MA3DND72SRD793542,K15CN 7423911,3019,Shivpuri,990219.53,358,126259.7724,FREE,Toyota
05/07/24,2399002674,Anant Gwalior,08/07/24,2024,RUMION,S MT NEO DRIVE,PETROL,RE,CAFE WHITE,BEIGE,MA3DND72SRG835042,K15CN 7479519,3595,Gwalior,990219.53,319,112505.2162,FREE,Toyota
28/08/24,2399003280,Anant Gwalior,30/08/24,2024,RUMION,S MT NEO DRIVE,PETROL,RM,CAFE WHITE,BEIGE,MA3DND72SRH859989,K15CN 7511315,1122,Gwalior,990219.53,265,93460.44605,FREE,Toyota
28/08/24,2399003280,Anant Gwalior,30/08/24,2024,RUMION,S MT NEO DRIVE,PETROL,RM,CAFE WHITE,BEIGE,MA3DND72SRH859725,K15CN 7507610,1327,Gwalior,990219.53,265,93460.44605,FREE,Toyota
29/01/24,2399001295,Anant Gwalior,03/02/24,2024,RUMION,V AT NEO DRIVE,PETROL,RA,ICONIC GREY,BEIGE,MA3DND72SRA744262,K15CN 9422757,2263,Gwalior,1297776.53,477,220479.788,FREE,Toyota
31/01/24,2399001318,Anant Gwalior,02/02/24,2024,RUMION,V AT NEO DRIVE,PETROL,RA,ICONIC GREY,BEIGE,MA3DND72SRA744925,K15CN 9423634,4102,Gwalior,1297776.53,475,219555.3445,FREE,Toyota
05/09/24,2399003390,Anant Gwalior,07/09/24,2024,RUMION,V MT NEO DRIVE,PETROL,RB,CAFE WHITE,BEIGE,MA3DND72SRG854053,K15CN 7503328,180,Gwalior,1169627.78,257,107060.9976,FREE,Toyota
05/09/24,2399003390,Anant Gwalior,07/09/24,2024,RUMION,V MT NEO DRIVE,PETROL,RB,CAFE WHITE,BEIGE,MA3DND72SRG849467,K15CN 7496865,10,Gwalior,1169627.78,257,107060.9976,FREE,Toyota
31/07/24,1124009212,Anant Gwalior,05/08/24,2024,URBAN CRUISER HYRYDER,S MT 2WD CNG,CNG,C6,GAMING GREY,INTERIOR COLOR FOR D22,MBJUYMK1SRG103313,K15CN 7485522,50329,Gwalior,1320503.77,293,137802.7085,FREE,Toyota
23/08/24,1124011615,Anant Gwalior,29/08/24,2024,URBAN CRUISER HYRYDER,S MT 2WD CNG,CNG,C6,GAMING GREY,INTERIOR COLOR FOR D22,MBJUYMK1SRH103537,K15CN 7505343,51029,Gwalior,1320503.77,270,126985.431,BOOKED,Toyota
25/07/24,1124008590,Anant Gwalior,30/07/24,2024,URBAN CRUISER HYRYDER,G eDrive 2WD,HYBRID,U2,MIDNIGHT BLACK,INTERIOR COLOR FOR D22,MBJUYMM1SRG151625,M15D NC67855,50669,Gwalior,1788033.43,299,190413.3135,BOOKED,Toyota
19/08/24,1124011038,Anant Gwalior,25/08/24,2024,URBAN CRUISER HYRYDER,G eDrive 2WD,HYBRID,U2,MIDNIGHT BLACK,INTERIOR COLOR FOR D22,MBJUYMM1SRH154219,M15D NC77853,50918,Gwalior,1788033.43,274,174492.4679,BOOKED,Toyota
04/09/24,1124013423,Anant Gwalior,10/09/24,2024,URBAN CRUISER HYRYDER,G eDrive 2WD,HYBRID,U2,MIDNIGHT BLACK,INTERIOR COLOR FOR D22,MBJUYMM1SRH157035,M15D NC92831,50466,Gwalior,1788033.43,258,164303.1267,BOOKED,Toyota
05/09/24,1124013476,Anant Gwalior,12/09/24,2024,URBAN CRUISER HYRYDER,G eDrive 2WD,HYBRID,U2,MIDNIGHT BLACK,INTERIOR COLOR FOR D22,MBJUYMM1SRJ157154,M15D NC93254,50733,Gwalior,1788033.43,257,163666.2929,FREE,Toyota
09/09/24,1124013751,Anant Gwalior,16/09/24,2024,URBAN CRUISER HYRYDER,G eDrive 2WD,HYBRID,U2,CAFE WHITE,INTERIOR COLOR FOR D22,MBJUYMM1SRH156746,M15D NC93662,50312,Gwalior,1788033.43,253,161118.9576,FREE,Toyota
05/07/24,1124006858,Anant Gwalior,11/07/24,2024,URBAN CRUISER HYRYDER,S eDrive 2WD,HYBRID,U3,MIDNIGHT BLACK,INTERIOR COLOR FOR D22,MBJUYMM1SRF150481,M15D NC60960,50136,Gwalior,1593742.14,319,181075.3056,FREE,Toyota
02/08/24,1124009528,Anant Gwalior,08/08/24,2024,URBAN CRUISER HYRYDER,S eDrive 2WD,HYBRID,U3,MIDNIGHT BLACK,INTERIOR COLOR FOR D22,MBJUYMM1SRG153561,M15D NC75771,51081,Gwalior,1593742.14,291,165181.5484,FREE,Toyota
09/05/24,1124002395,Anant Gwalior,14/05/24,2024,URBAN CRUISER HYRYDER,S eDrive 2WD,HYBRID,U3,CAFE WHITE,INTERIOR COLOR FOR D22,MBJUYMM1SRE145140,M15D NC33798,50204,Gwalior,1593742.14,376,213430.4543,FREE,Toyota
24/06/24,1124005801,Anant Gwalior,29/06/24,2024,URBAN CRUISER HYRYDER,S eDrive 2WD,HYBRID,U3,CAFE WHITE,INTERIOR COLOR FOR D22,MBJUYMM1SRF148214,M15D NC48117,50236,Gwalior,1593742.14,330,187319.2817,FREE,Toyota
26/06/24,1124006045,Anant Gwalior,01/07/24,2024,URBAN CRUISER HYRYDER,S eDrive 2WD,HYBRID,U3,CAFE WHITE,INTERIOR COLOR FOR D22,MBJUYMM1SRF148545,M15D NC49662,50523,Gwalior,1593742.14,328,186184.0133,FREE,Toyota
03/07/24,1124006609,Anant Gwalior,08/07/24,2024,URBAN CRUISER HYRYDER,S eDrive 2WD,HYBRID,U3,CAFE WHITE,INTERIOR COLOR FOR D22,MBJUYMM1SRF150439,M15D NC60921,51034,Shivpuri,1593742.14,321,182210.574,FREE,Toyota
25/07/24,1124008590,Anant Gwalior,30/07/24,2024,URBAN CRUISER HYRYDER,S eDrive 2WD,HYBRID,U3,CAFE WHITE,INTERIOR COLOR FOR D22,MBJUYMM1SRG151603,M15D NC67837,50768,Gwalior,1593742.14,299,169722.6219,FREE,Toyota
09/09/24,1124013751,Anant Gwalior,16/09/24,2024,URBAN CRUISER HYRYDER,S eDrive 2WD,HYBRID,U3,CAFE WHITE,INTERIOR COLOR FOR D22,MBJUYMM1SRH156769,M15D NC91577,50035,Gwalior,1593742.14,253,143611.4493,FREE,Toyota
15/02/24,1123023147,Anant Gwalior,20/02/24,2024,URBAN CRUISER HYRYDER,V eDrive 2WD,HYBRID,U1,CAFE WHITE & BLACK,INTERIOR COLOR FOR D22,MBJUYMM1SRB137640,M15D NB96404,51113,Gwalior,1950740.44,460,319600.7625,FREE,Toyota
24/08/24,1124011759,Anant Gwalior,30/08/24,2024,URBAN CRUISER HYRYDER,V eDrive 2WD,HYBRID,U1,CAFE WHITE & BLACK,INTERIOR COLOR FOR D22,MBJUYMM1SRG153424,M15D NC75115,51067,Morena,1931598.44,269,185063.0067,FREE,Toyota
06/05/24,1124002177,Anant Gwalior,11/05/24,2024,URBAN CRUISER HYRYDER,V eDrive 2WD,HYBRID,U1,CAFE WHITE,INTERIOR COLOR FOR D22,MBJUYMM1SRE144737,M15D NC31713,50082,Gwalior,1931598.44,379,260739.3291,FREE,Toyota
08/05/24,1124002356,Anant Gwalior,15/05/24,2024,URBAN CRUISER HYRYDER,V eDrive 2WD,HYBRID,U1,CAFE WHITE,INTERIOR COLOR FOR D22,MBJUYMM1SRE144837,M15D NC32811,51042,AshokNagar,1931598.44,377,259363.396,FREE,Toyota
26/06/24,1124006045,Anant Gwalior,01/07/24,2024,URBAN CRUISER HYRYDER,V eDrive 2WD,HYBRID,U1,CAFE WHITE,INTERIOR COLOR FOR D22,MBJUYMM1SRF148983,M15D NC50849,50968,Gwalior,1931598.44,328,225653.0342,FREE,Toyota
25/07/24,1124008586,Anant Gwalior,30/07/24,2024,URBAN CRUISER HYRYDER,V eDrive 2WD,HYBRID,U1,CAFE WHITE,INTERIOR COLOR FOR D22,MBJUYMM1SRG152322,M15D NC70715,50135,Gwalior,1912456.45,299,203663.5129,FREE,Toyota
25/07/24,1124008586,Anant Gwalior,30/07/24,2024,URBAN CRUISER HYRYDER,V eDrive 2WD,HYBRID,U1,CAFE WHITE,INTERIOR COLOR FOR D22,MBJUYMM1SRG151562,M15D NC67330,50443,Gwalior,1912456.45,299,203663.5129,FREE,Toyota
25/07/24,1124008590,Anant Gwalior,30/07/24,2024,URBAN CRUISER HYRYDER,V eDrive 2WD,HYBRID,U1,CAFE WHITE,INTERIOR COLOR FOR D22,MBJUYMM1SRG152331,M15D NC71122,50446,Gwalior,1912456.45,299,203663.5129,FREE,Toyota
09/09/24,1124013751,Anant Gwalior,16/09/24,2024,URBAN CRUISER HYRYDER,V eDrive 2WD,HYBRID,U1,CAFE WHITE,INTERIOR COLOR FOR D22,MBJUYMM1SRH156579,M15D NC90308,51079,Gwalior,1912456.45,253,172330.6648,FREE,Toyota
04/09/24,1124013425,Anant Gwalior,09/09/24,2024,URBAN CRUISER HYRYDER,E MT 2WD MHV,PETROL,AP,MIDNIGHT BLACK,INTERIOR COLOR FOR D22,MBJUYML1SRH138696,K15CN 7517961,50899,Gwalior,1091452.53,258,100294.0215,BOOKED,Toyota
04/09/24,1124013423,Anant Gwalior,10/09/24,2024,URBAN CRUISER HYRYDER,E MT 2WD MHV,PETROL,AP,MIDNIGHT BLACK,INTERIOR COLOR FOR D22,MBJUYML1SRH138699,K15CN 7526192,50898,Gwalior,1091452.53,258,100294.0215,BOOKED,Toyota
04/09/24,1124013423,Anant Gwalior,10/09/24,2024,URBAN CRUISER HYRYDER,E MT 2WD MHV,PETROL,AP,MIDNIGHT BLACK,INTERIOR COLOR FOR D22,MBJUYML1SRH138687,K15CN 7527079,50480,Gwalior,1091452.53,258,100294.0215,BOOKED,Toyota
04/09/24,1124013423,Anant Gwalior,10/09/24,2024,URBAN CRUISER HYRYDER,E MT 2WD MHV,PETROL,AP,MIDNIGHT BLACK,INTERIOR COLOR FOR D22,MBJUYML1SRH138686,K15CN 7526147,51290,Gwalior,1091452.53,258,100294.0215,FREE,Toyota
13/08/24,1124010441,Anant Gwalior,19/08/24,2024,URBAN CRUISER HYRYDER,E MT 2WD MHV,PETROL,AP,GAMING GREY,INTERIOR COLOR FOR D22,MBJUYML1SRH135573,K15CN 7500704,50781,Gwalior,1091452.53,280,108846.2249,BOOKED,Toyota
19/08/24,1124011037,Anant Gwalior,25/08/24,2024,URBAN CRUISER HYRYDER,E MT 2WD MHV,PETROL,AP,GAMING GREY,INTERIOR COLOR FOR D22,MBJUYML1SRH136982,K15CN 7512486,50923,Gwalior,1091452.53,274,106513.8058,BOOKED,Toyota
25/07/24,1124008586,Anant Gwalior,30/07/24,2024,URBAN CRUISER HYRYDER,E MT 2WD MHV,PETROL,AP,ENTICING SILVER,INTERIOR COLOR FOR D22,MBJUYML1SRG134158,K15CN 7493160,50739,Gwalior,1091452.53,299,116232.2187,FREE,Toyota
13/08/24,1124010441,Anant Gwalior,19/08/24,2024,URBAN CRUISER HYRYDER,E MT 2WD MHV,PETROL,AP,ENTICING SILVER,INTERIOR COLOR FOR D22,MBJUYML1SRG135491,K15CN 7499726,51058,Gwalior,1091452.53,280,108846.2249,FREE,Toyota
23/08/24,1124011615,Anant Gwalior,29/08/24,2024,URBAN CRUISER HYRYDER,E MT 2WD MHV,PETROL,AP,ENTICING SILVER,INTERIOR COLOR FOR D22,MBJUYML1SRH136292,K15CN 7503408,50306,Gwalior,1091452.53,270,104958.8597,FREE,Toyota
03/07/24,1124006609,Anant Gwalior,08/07/24,2024,URBAN CRUISER HYRYDER,E MT 2WD MHV,PETROL,AP,CAFE WHITE,INTERIOR COLOR FOR D22,MBJUYML1SRG130463,K15CN 7469907,50653,Gwalior,1091452.53,321,124784.4221,BOOKED,Toyota
25/07/24,1124008585,Anant Gwalior,30/07/24,2024,URBAN CRUISER HYRYDER,E MT 2WD MHV,PETROL,AP,CAFE WHITE,INTERIOR COLOR FOR D22,MBJUYML1SRG133762,K15CN 7489086,50491,Gwalior,1091452.53,299,116232.2187,FREE,Toyota
25/07/24,1124008585,Anant Gwalior,30/07/24,2024,URBAN CRUISER HYRYDER,E MT 2WD MHV,PETROL,AP,CAFE WHITE,INTERIOR COLOR FOR D22,MBJUYML1SRG133758,K15CN 7489049,51214,Gwalior,1091452.53,299,116232.2187,FREE,Toyota
23/08/24,1124011615,Anant Gwalior,29/08/24,2024,URBAN CRUISER HYRYDER,E MT 2WD MHV,PETROL,AP,CAFE WHITE,INTERIOR COLOR FOR D22,MBJUYML1SRH135848,K15CN 7505656,50576,Gwalior,1091452.53,270,104958.8597,FREE,Toyota
23/08/24,1124011615,Anant Gwalior,29/08/24,2024,URBAN CRUISER HYRYDER,E MT 2WD MHV,PETROL,AP,CAFE WHITE,INTERIOR COLOR FOR D22,MBJUYML1SRH135841,K15CN 7505439,50617,Gwalior,1091452.53,270,104958.8597,FREE,Toyota
24/08/24,1124011759,Anant Gwalior,30/08/24,2024,URBAN CRUISER HYRYDER,E MT 2WD MHV,PETROL,AP,CAFE WHITE,INTERIOR COLOR FOR D22,MBJUYML1SRH135959,K15CN 7504612,51019,Gwalior,1091452.53,269,104570.1232,FREE,Toyota
24/08/24,1124011759,Anant Gwalior,30/08/24,2024,URBAN CRUISER HYRYDER,E MT 2WD MHV,PETROL,AP,CAFE WHITE,INTERIOR COLOR FOR D22,MBJUYML1SRH135736,K15CN 7504570,50002,Gwalior,1091452.53,269,104570.1232,FREE,Toyota
31/08/24,1124012890,Anant Gwalior,07/09/24,2024,URBAN CRUISER HYRYDER,E MT 2WD MHV,PETROL,AP,CAFE WHITE,INTERIOR COLOR FOR D22,MBJUYML1SRH138078,K15CN 7471277,50765,Gwalior,1091452.53,262,101848.9676,FREE,Toyota
31/08/24,1124012890,Anant Gwalior,07/09/24,2024,URBAN CRUISER HYRYDER,E MT 2WD MHV,PETROL,AP,CAFE WHITE,INTERIOR COLOR FOR D22,MBJUYML1SRH138069,K15CN 7520835,50381,Gwalior,1091452.53,262,101848.9676,FREE,Toyota
06/09/24,1124013687,Anant Gwalior,13/09/24,2024,URBAN CRUISER HYRYDER,E MT 2WD MHV,PETROL,AP,CAFE WHITE,INTERIOR COLOR FOR D22,MBJUYML1SRH138690,K15CN 7526203,50874,Gwalior,1091452.53,256,99516.54849,FREE,Toyota
18/09/24,1124014746,Anant Gwalior,,2024,URBAN CRUISER HYRYDER,E MT 2WD MHV,PETROL,AP,CAFE WHITE,INTERIOR COLOR FOR D22,MBJUYML1SRH138591,K15CN 7524822,50686,Gwalior,1091452.53,244,94851.71028,FREE,Toyota
17/09/24,1124014648,Anant Gwalior,,2024,URBAN CRUISER HYRYDER,G MT 2WD MHV,PETROL,AM,MIDNIGHT BLACK,INTERIOR COLOR FOR D22,MBJUYML1SRJ139213,K15CN 7530355,50309,Gwalior,1385171.02,245,120870.4027,BOOKED,Toyota
28/08/24,1124012330,Anant Gwalior,03/09/24,2024,URBAN CRUISER HYRYDER,S AT 2WD MHV,PETROL,AN,CAFE WHITE,INTERIOR COLOR FOR D22,MBJUYML1SRH137325,K15CN 7515952,50074,Gwalior,1349416.26,265,127362.7128,BOOKED,Toyota
30/08/24,1124012724,Anant Gwalior,05/09/24,2024,URBAN CRUISER HYRYDER,S MT 2WD MHV,PETROL,AO,MIDNIGHT BLACK,INTERIOR COLOR FOR D22,MBJUYML1SRH137427,K15CN 7517044,50242,Gwalior,1233766.27,263,115568.4076,FREE,Toyota
31/08/24,1124012889,Anant Gwalior,07/09/24,2024,URBAN CRUISER HYRYDER,S MT 2WD MHV,PETROL,AO,MIDNIGHT BLACK,INTERIOR COLOR FOR D22,MBJUYML1SRH137688,K15CN 7519426,51237,Gwalior,1233766.27,262,115128.984,FREE,Toyota
30/08/24,1124012725,Anant Gwalior,05/09/24,2024,URBAN CRUISER HYRYDER,S MT 2WD MHV,PETROL,AO,GAMING GREY,INTERIOR COLOR FOR D22,MBJUYML1SRH137779,K15CN 7507898,50434,Gwalior,1233766.27,263,115568.4076,FREE,Toyota
30/08/24,1124012725,Anant Gwalior,05/09/24,2024,URBAN CRUISER HYRYDER,S MT 2WD MHV,PETROL,AO,GAMING GREY,INTERIOR COLOR FOR D22,MBJUYML1SRH137388,K15CN 7513617,50527,Gwalior,1233766.27,263,115568.4076,FREE,Toyota
30/08/24,1124012724,Anant Gwalior,05/09/24,2024,URBAN CRUISER HYRYDER,S MT 2WD MHV,PETROL,AO,CAFE WHITE,INTERIOR COLOR FOR D22,MBJUYML1SRH136800,K15CN 7513345,50371,Gwalior,1233766.27,263,115568.4076,FREE,Toyota
25/01/24,1123021375,Anant Gwalior,30/01/24,2024,URBAN CRUISER HYRYDER,V AT 2WD MHV,PETROL,AI,CAFE WHITE & BLACK,INTERIOR COLOR FOR D22,MBJUYML1SRA121837,K15CN 7339546,51125,Gwalior,1667338.53,481,285640.2145,FREE,Toyota
18/09/24,1124014746,Anant Gwalior,,2024,URBAN CRUISER HYRYDER,V MT 2WD MHV,PETROL,AJ,MIDNIGHT BLACK,INTERIOR COLOR FOR D22,MBJUYML1SRJ139965,K15CN 7531308,51195,Gwalior,1533428.54,244,133261.2419,BOOKED,Toyota
24/08/24,8823019918,Mayank Jodhpur,27/08/24,2024,URBAN CRUISER HYRYDER,V MT 2WD MHV,PETROL,AJ,CAFE WHITE,INTERIOR COLOR FOR D22,MBJUYML1SRB122797,K15CN 7349136,50310,Gwalior,1533428.54,269,146915.0577,FREE,Toyota
23/08/24,5124006486,Anant Gwalior,26/08/24,2024,URBAN CRUISER TAISOR,G AT (TURBO),PETROL,TC,CAFE WHITE,BLACK,MBHLWF43SRH334835,K10CP 7020656,50035,Gwalior,1148524.68,270,110447.1679,FREE,Toyota
05/06/24,5124002789,Anant Gwalior,08/06/24,2024,URBAN CRUISER TAISOR,G MT (TURBO),PETROL,TD,CAFE WHITE,BLACK,MBHLWF43SRE290445,K10CP 7014560,50406,Gwalior,1013942.67,349,126034.4628,FREE,Toyota
27/05/24,5124002143,Anant Gwalior,30/05/24,2024,URBAN CRUISER TAISOR,S AMT,PETROL,TG,SPORTIN RED,BLACK,MBHLWF13SRE276278,K12NP 7507873,6106,Shivpuri,886953.18,358,113092.6055,FREE,Toyota
27/05/24,5124002140,Anant Gwalior,31/05/24,2024,URBAN CRUISER TAISOR,S AMT,PETROL,TG,ENTICING SILVER,BLACK,MBHLWF13SRE278589,K12NP 7509686,5569,Gwalior,886953.18,358,113092.6055,FREE,Toyota
23/08/24,5124006486,Anant Gwalior,26/08/24,2024,URBAN CRUISER TAISOR,S AMT,PETROL,TG,CAFE WHITE,BLACK,MBHLWF13SRH334251,K12NP 7552420,5230,Gwalior,886953.18,270,85293.3058,FREE,Toyota
05/07/24,5124004059,Anant Gwalior,08/07/24,2024,URBAN CRUISER TAISOR,S MT,PETROL,TH,CAFE WHITE,BLACK,MBHLWF13SRG309371,K12NP 7538993,5892,Gwalior,835395.79,319,94914.69428,FREE,Toyota
10/08/24,5124005865,Anant Gwalior,13/08/24,2024,URBAN CRUISER TAISOR,S MT,PETROL,TH,CAFE WHITE,BLACK,MBHLWF13SRG330597,K12NP 7550410,5126,Gwalior,835395.79,283,84203.31812,FREE,Toyota
03/09/24,5124006901,Anant Gwalior,07/09/24,2024,URBAN CRUISER TAISOR,S+ AMT,PETROL,TE,ENTICING SILVER,BLACK,MBHLWF13SRH354623,K12NP 7563021,5669,Gwalior,925864.42,259,85407.82198,FREE,Toyota
05/06/24,5124002786,Anant Gwalior,08/06/24,2024,URBAN CRUISER TAISOR,S+ AMT,PETROL,TE,CAFE WHITE,BLACK,MBHLWF13SRE291796,K12NP 7522322,5083,Gwalior,925864.42,349,115086.2157,FREE,Toyota
04/09/24,5124006952,Anant Gwalior,09/09/24,2024,URBAN CRUISER TAISOR,S+ AMT,PETROL,TE,CAFE WHITE,BLACK,MBHLWF13SRH350009,K12NP 7561716,6080,Gwalior,925864.42,258,85078.06205,FREE,Toyota
04/09/24,5124006955,Anant Gwalior,09/09/24,2024,URBAN CRUISER TAISOR,S+ AMT,PETROL,TE,CAFE WHITE,BLACK,MBHLWF13SRH354527,K12NP 7562979,5069,Gwalior,925864.42,258,85078.06205,FREE,Toyota
05/09/24,5124006986,Anant Gwalior,09/09/24,2024,URBAN CRUISER TAISOR,S+ AMT,PETROL,TE,CAFE WHITE,BLACK,MBHLWF13SRH354670,K12NP 7563068,5441,Gwalior,925864.42,257,84748.30212,FREE,Toyota
04/09/24,5124006955,Anant Gwalior,09/09/24,2024,URBAN CRUISER TAISOR,S+ MT,PETROL,TF,ENTICING SILVER,BLACK,MBHLWF13SRH349550,K12NP 7560657,6172,Gwalior,874307.03,258,80340.43229,BOOKED,Toyota
04/09/24,5124006952,Anant Gwalior,09/09/24,2024,URBAN CRUISER TAISOR,S+ MT,PETROL,TF,CAFE WHITE,BLACK,MBHLWF13SRH348369,K12NP 7559966,6274,Gwalior,874307.03,258,80340.43229,BOOKED,Toyota
18/05/24,5124001584,Anant Gwalior,22/05/24,2024,URBAN CRUISER TAISOR,V AT (TURBO),PETROL,TA,LUCENT ORANGE,BLACK,MBHLWF43SRE272718,K10CP 7011883,50487,Guna,968440.65,367,126587.1326,FREE,Toyota
21/06/24,5124003359,Anant Gwalior,24/06/24,2024,URBAN CRUISER TAISOR,V AT (TURBO),PETROL,TA,LUCENT ORANGE,BLACK,MBHLWF43SRF300915,K10CP 7016367,50454,Gwalior,1236964.28,333,146707.3526,FREE,Toyota
03/09/24,5124006903,Anant Gwalior,07/09/24,2024,URBAN CRUISER TAISOR,V AT (TURBO),PETROL,TA,LUCENT ORANGE,BLACK,MBHLWF43SRH347506,K10CP 7022297,50495,Gwalior,1236964.28,259,114105.7187,FREE,Toyota
24/08/24,8824005594,Mayank Jodhpur,27/08/24,2024,URBAN CRUISER TAISOR,V AT (TURBO),PETROL,TA,GAMING GREY,BLACK,MBHLWF43SRE292008,K10CP 7014874,50744,Gwalior,968440.65,269,92784.57406,FREE,Toyota
23/08/24,5124006485,Anant Gwalior,26/08/24,2024,URBAN CRUISER TAISOR,V MT (TURBO),PETROL,TB,GAMING GREY,BLACK,MBHLWF43SRH345274,K10CP 7021971,50950,Gwalior,1102382.27,270,106009.9114,FREE,Toyota
21/06/24,5124003359,Anant Gwalior,24/06/24,2024,URBAN CRUISER TAISOR,V MT (TURBO),PETROL,TB,CAFE WHITE,BLACK,MBHLWF43SRF299618,K10CP 7016260,50329,Gwalior,1102382.27,333,130745.5574,FREE,Toyota
08/07/24,5124004102,Anant Gwalior,11/07/24,2024,URBAN CRUISER TAISOR,\,PETROL,TB,CAFE WHITE,BLACK,MBHLWF43SRG311920,K10CP 7017728,50371,Gwalior,1102382.27,316,124070.8593,FREE,Toyota